{"n4053": {"train": {"r2": 0.9517812352803572, "mape": 0.07928016142630806, "rmse": 42736.10619485162, "mse": 1826374772.6976352, "mae": 27672.359133116366, "median_ae": 17231.233333333337, "correlation": 0.9773551103557949, "size_train": 697}, "test": {"r2": 0.7796101161361236, "mape": 0.1864000759472695, "rmse": 82243.25916934236, "mse": 6763953678.795617, "mae": 59686.23718867783, "median_ae": 40379.60333333333, "correlation": 0.8855439610265388, "size_test": 175}}, "n3553": {"train": {"r2": 0.9505292116670246, "mape": 0.07916830523622732, "rmse": 43287.38245160141, "mse": 1873797479.5112095, "mae": 27658.888100067194, "median_ae": 18006.599999999977, "correlation": 0.9769827213080803, "size_train": 697}, "test": {"r2": 0.782974247094266, "mape": 0.18765015219972, "rmse": 81613.14617014898, "mse": 6660705627.790102, "mae": 59850.05310576377, "median_ae": 43229.2583333333, "correlation": 0.8882818845024271, "size_test": 175}}, "n3053": {"train": {"r2": 0.9505819725614557, "mape": 0.08141383059196639, "rmse": 43264.2931663801, "mse": 1871799063.1864839, "mae": 27881.25294132605, "median_ae": 18642.95000000001, "correlation": 0.9768300484258761, "size_train": 697}, "test": {"r2": 0.7739375074665786, "mape": 0.1894689835076402, "rmse": 83294.96312185617, "mse": 6938050881.471378, "mae": 61306.59568786848, "median_ae": 44813.19, "correlation": 0.8821212355444334, "size_test": 175}}, "n2553": {"train": {"r2": 0.949634973301586, "mape": 0.08021493986433191, "rmse": 43676.86354627288, "mse": 1907668409.2397404, "mae": 27969.947471912117, "median_ae": 16896.446666666656, "correlation": 0.9764565201269977, "size_train": 697}, "test": {"r2": 0.77709070072228, "mape": 0.18885846447351914, "rmse": 82712.01054639903, "mse": 6841276688.627625, "mae": 60913.77180346987, "median_ae": 44928.02035714287, "correlation": 0.8845596855499307, "size_test": 175}}, "n2053": {"train": {"r2": 0.951533301364021, "mape": 0.07918803904890334, "rmse": 42845.83676049594, "mse": 1835765727.7070656, "mae": 27461.055992368463, "median_ae": 18160.900000000023, "correlation": 0.9775092626795715, "size_train": 697}, "test": {"r2": 0.774292804935996, "mape": 0.1895584039845668, "rmse": 83229.48094770078, "mse": 6927146498.823688, "mae": 61010.14652604237, "median_ae": 45296.49033333326, "correlation": 0.8833171252741596, "size_test": 175}}, "n1553": {"train": {"r2": 0.950792917252787, "mape": 0.07872535740911406, "rmse": 43171.85591785873, "mse": 1863809143.392354, "mae": 27413.911484168144, "median_ae": 17276.328095238103, "correlation": 0.9768148017877198, "size_train": 697}, "test": {"r2": 0.7775164725409648, "mape": 0.18970448174894508, "rmse": 82632.98002636834, "mse": 6828209388.038189, "mae": 60925.014385286944, "median_ae": 46022.61916666664, "correlation": 0.8841696122567757, "size_test": 175}}, "n1053": {"train": {"r2": 0.9526120480330597, "mape": 0.08012145126656149, "rmse": 42366.33339335757, "mse": 1794906205.1971247, "mae": 27631.92970639217, "median_ae": 18220.315238095238, "correlation": 0.9776565671128693, "size_train": 697}, "test": {"r2": 0.7833933140426177, "mape": 0.18535395352574435, "rmse": 81534.31244203275, "mse": 6647844105.395017, "mae": 59297.36714246135, "median_ae": 43586.55000000005, "correlation": 0.888141183415441, "size_test": 175}}, "n553": {"train": {"r2": 0.9481709891363854, "mape": 0.07978273839072543, "rmse": 44307.10454815957, "mse": 1963119513.4415426, "mae": 28076.20412509804, "median_ae": 17944.986666666693, "correlation": 0.9761101602403166, "size_train": 697}, "test": {"r2": 0.7669665762924032, "mape": 0.18939040443672456, "rmse": 84569.4667724091, "mse": 7151994710.169606, "mae": 61634.60216840161, "median_ae": 48648.24035714287, "correlation": 0.8777746140277644, "size_test": 175}}, "n3653": {"train": {"r2": 0.9528144476776956, "mape": 0.0810956335450826, "rmse": 42275.76072442796, "mse": 1787239944.8290854, "mae": 27770.931490605486, "median_ae": 17837.099999999977, "correlation": 0.9780012556888834, "size_train": 697}, "test": {"r2": 0.7722170819187406, "mape": 0.19058239369412758, "rmse": 83611.31628094317, "mse": 6990852210.231913, "mae": 61299.872990694705, "median_ae": 45801.32500000001, "correlation": 0.8821166977036402, "size_test": 175}}, "n3253": {"train": {"r2": 0.9500470218041402, "mape": 0.07938320772442854, "rmse": 43497.83110870539, "mse": 1892061311.1614585, "mae": 27709.447878756826, "median_ae": 17202.333333333372, "correlation": 0.9767070135325903, "size_train": 697}, "test": {"r2": 0.7693996089652051, "mape": 0.1891849768921823, "rmse": 84126.82604498763, "mse": 7077322860.403607, "mae": 60890.85774635745, "median_ae": 40894.833333333314, "correlation": 0.8804265398043342, "size_test": 175}}, "n2853": {"train": {"r2": 0.9518413264693486, "mape": 0.07997666542422627, "rmse": 42709.468598046864, "mse": 1824098707.9275513, "mae": 27686.11724440397, "median_ae": 18506.79999999999, "correlation": 0.9777573162736899, "size_train": 697}, "test": {"r2": 0.7729108369224267, "mape": 0.18699893544757154, "rmse": 83483.8923201488, "mse": 6969560276.9222, "mae": 60282.527060956505, "median_ae": 42880.40714285715, "correlation": 0.8819105385886334, "size_test": 175}}, "n2453": {"train": {"r2": 0.949413044319905, "mape": 0.07987851729333029, "rmse": 43772.98686768577, "mse": 1916074379.3185914, "mae": 27840.59191396234, "median_ae": 17130.73999999999, "correlation": 0.9762216836974192, "size_train": 697}, "test": {"r2": 0.7746584410012913, "mape": 0.1896578714456105, "rmse": 83162.03951228359, "mse": 6915924815.842617, "mae": 60421.50792253143, "median_ae": 43994.58799999999, "correlation": 0.8834063009061406, "size_test": 175}}, "n1653": {"train": {"r2": 0.9514185623795001, "mape": 0.08048087482888248, "rmse": 42896.522920465744, "mse": 1840111678.666043, "mae": 27690.705543748092, "median_ae": 17117.98000000001, "correlation": 0.977119888382901, "size_train": 697}, "test": {"r2": 0.7777878993918859, "mape": 0.18800290933608405, "rmse": 82582.55909252896, "mse": 6819879066.271038, "mae": 60038.34709658214, "median_ae": 41987.333333333314, "correlation": 0.8855024229889095, "size_test": 175}}, "n1253": {"train": {"r2": 0.9512427242771351, "mape": 0.08153309764551459, "rmse": 42974.0837198656, "mse": 1846771871.562018, "mae": 27755.78186238538, "median_ae": 17616.81999999995, "correlation": 0.9771936508799748, "size_train": 697}, "test": {"r2": 0.7670101341365456, "mape": 0.18988398494023243, "rmse": 84561.56267920017, "mse": 7150657882.7483, "mae": 61273.154249492894, "median_ae": 46231.5, "correlation": 0.8792498218415903, "size_test": 175}}, "n853": {"train": {"r2": 0.9506713759780873, "mape": 0.07937209566627114, "rmse": 43225.14018086608, "mse": 1868412743.6555233, "mae": 27634.523786236, "median_ae": 17417.579999999958, "correlation": 0.9767810077606086, "size_train": 697}, "test": {"r2": 0.7736932853375076, "mape": 0.1881712353837611, "rmse": 83339.94400706515, "mse": 6945546267.100754, "mae": 60501.79986924963, "median_ae": 42480.94, "correlation": 0.88203535733042, "size_test": 175}}, "n453": {"train": {"r2": 0.9508108937098272, "mape": 0.08076996959034162, "rmse": 43163.96937122275, "mse": 1863128251.879856, "mae": 27960.947163209778, "median_ae": 17778.735555555555, "correlation": 0.9771265078554496, "size_train": 697}, "test": {"r2": 0.777259770125103, "mape": 0.1900652381767594, "rmse": 82680.63742088217, "mse": 6836087804.32338, "mae": 61143.56833536591, "median_ae": 46350.333333333314, "correlation": 0.8850252976217126, "size_test": 175}}}